{"cameraMode":{"drawMode":0,"name":"Shaded","section":"Shading Mode"},"sceneLighting":false,"audioPlay":false,"sceneViewState":{"m_AlwaysRefresh":false,"showFog":true,"showSkybox":false,"showFlares":true,"showImageEffects":true,"showParticleSystems":true,"showVisualEffectGraphs":true,"m_FxEnabled":true},"in2DMode":false,"pivot":{"x":-0.22275510430335999,"y":1.0498002767562867,"z":-2.4905452728271486},"rotation":{"x":-0.10511376708745957,"y":0.00506932707503438,"z":-0.0005356958135962486,"w":-0.9944493770599365},"size":2.5330123901367189,"orthographic":false}