{"cameraMode":{"drawMode":0,"name":"Shaded","section":"Shading Mode"},"sceneLighting":true,"audioPlay":false,"sceneViewState":{"m_AlwaysRefresh":false,"showFog":true,"showSkybox":true,"showFlares":true,"showImageEffects":true,"showParticleSystems":true,"showVisualEffectGraphs":true,"m_FxEnabled":true},"in2DMode":false,"pivot":{"x":238.55308532714845,"y":-10.550863265991211,"z":-71.7456283569336},"rotation":{"x":0.00022944768716115505,"y":-0.9813418388366699,"z":0.19229590892791749,"w":0.001172663876786828},"size":55.055152893066409,"orthographic":false}