{"cameraMode":{"drawMode":0,"name":"Shaded","section":"Shading Mode"},"sceneLighting":true,"audioPlay":false,"sceneViewState":{"m_AlwaysRefresh":false,"showFog":true,"showSkybox":true,"showFlares":true,"showImageEffects":true,"showParticleSystems":true,"showVisualEffectGraphs":true,"m_FxEnabled":true},"in2DMode":false,"pivot":{"x":369.094970703125,"y":16.039779663085939,"z":-140.18016052246095},"rotation":{"x":0.05304836109280586,"y":0.6737173199653626,"z":-0.04859164357185364,"w":0.7354995608329773},"size":55.055152893066409,"orthographic":false}