{"cameraMode":{"drawMode":0,"name":"Shaded","section":"Shading Mode"},"sceneLighting":true,"audioPlay":false,"sceneViewState":{"m_AlwaysRefresh":false,"showFog":true,"showSkybox":true,"showFlares":true,"showImageEffects":true,"showParticleSystems":true,"showVisualEffectGraphs":true,"m_FxEnabled":true},"in2DMode":false,"pivot":{"x":91.6928482055664,"y":14.297207832336426,"z":-7.797191619873047},"rotation":{"x":0.028052540495991708,"y":0.5820788145065308,"z":-0.020074432715773584,"w":0.8124959468841553},"size":1.7752549648284913,"orthographic":false}