{"cameraMode":{"drawMode":0,"name":"Shaded","section":"Shading Mode"},"sceneLighting":true,"audioPlay":false,"sceneViewState":{"m_AlwaysRefresh":false,"showFog":true,"showSkybox":true,"showFlares":true,"showImageEffects":true,"showParticleSystems":true,"showVisualEffectGraphs":true,"m_FxEnabled":true},"in2DMode":false,"pivot":{"x":414.5617980957031,"y":83.68704223632813,"z":-452.0257568359375},"rotation":{"x":0.20704548060894013,"y":0.008288495242595673,"z":-0.001485007582232356,"w":0.9785999059677124},"size":11.273895263671875,"orthographic":false}