{"cameraMode":{"drawMode":0,"name":"Shaded","section":"Shading Mode"},"sceneLighting":true,"audioPlay":false,"sceneViewState":{"m_AlwaysRefresh":false,"showFog":true,"showSkybox":true,"showFlares":true,"showImageEffects":true,"showParticleSystems":true,"showVisualEffectGraphs":true,"m_FxEnabled":true},"in2DMode":false,"pivot":{"x":254.34872436523438,"y":19.89702796936035,"z":117.58615112304688},"rotation":{"x":0.04494905471801758,"y":0.6807984709739685,"z":-0.04191992059350014,"w":0.7299298048019409},"size":4.888493537902832,"orthographic":false}