{"cameraMode":{"drawMode":0,"name":"Shaded","section":"Shading Mode"},"sceneLighting":true,"audioPlay":false,"sceneViewState":{"m_AlwaysRefresh":false,"showFog":true,"showSkybox":true,"showFlares":true,"showImageEffects":true,"showParticleSystems":true,"showVisualEffectGraphs":true,"m_FxEnabled":true},"in2DMode":false,"pivot":{"x":10.409748077392579,"y":2.518831253051758,"z":-2.803920030593872},"rotation":{"x":-0.022974083200097085,"y":-0.7692394852638245,"z":0.027706068009138109,"w":-0.6379742622375488},"size":0.8660253882408142,"orthographic":false}