{"cameraMode":{"drawMode":0,"name":"Shaded","section":"Shading Mode"},"sceneLighting":true,"audioPlay":false,"sceneViewState":{"m_AlwaysRefresh":false,"showFog":true,"showSkybox":true,"showFlares":true,"showImageEffects":true,"showParticleSystems":true,"showVisualEffectGraphs":true,"m_FxEnabled":true},"in2DMode":false,"pivot":{"x":94.2639389038086,"y":-7.208451271057129,"z":18.946704864501954},"rotation":{"x":-0.19660627841949464,"y":0.03293859586119652,"z":-0.006557390559464693,"w":-0.9799465537071228},"size":44.995887756347659,"orthographic":false}